[{"name":"Yamuna","work":"Assistant Professor","password":"abc"},{"name":"Kumar","work":"Assistant Professor","password":"Kumari"},{"name":"Sam","work":"Assistant Professor","password":"Sam"},{"name":"Lakshmi","work":"Asst Prof","password":"Cmrit@123"},{"name":"Santhosh","work":"Asst prof","password":"12345"},{"name":"Harika","work":"asst professor","password":"yamuna"},{"name":"Yamuna","work":"Assistant Professor","password":"Yamuna"},{"name":"Yamuna1","work":"Assistant Professor","password":"Yamuna"},{"name":"Yamuna2","work":"Assoc Professor","password":"Yamuna2"}]